-- MySQL dump 10.13  Distrib 5.7.16, for Win64 (x86_64)
--
-- Host: localhost    Database: iekfolder
-- ------------------------------------------------------
-- Server version	5.7.16-log

/*!40101 SET @OLD_CHARACTER_SET_CLIENT=@@CHARACTER_SET_CLIENT */;
/*!40101 SET @OLD_CHARACTER_SET_RESULTS=@@CHARACTER_SET_RESULTS */;
/*!40101 SET @OLD_COLLATION_CONNECTION=@@COLLATION_CONNECTION */;
/*!40101 SET NAMES utf8 */;
/*!40103 SET @OLD_TIME_ZONE=@@TIME_ZONE */;
/*!40103 SET TIME_ZONE='+00:00' */;
/*!40014 SET @OLD_UNIQUE_CHECKS=@@UNIQUE_CHECKS, UNIQUE_CHECKS=0 */;
/*!40014 SET @OLD_FOREIGN_KEY_CHECKS=@@FOREIGN_KEY_CHECKS, FOREIGN_KEY_CHECKS=0 */;
/*!40101 SET @OLD_SQL_MODE=@@SQL_MODE, SQL_MODE='NO_AUTO_VALUE_ON_ZERO' */;
/*!40111 SET @OLD_SQL_NOTES=@@SQL_NOTES, SQL_NOTES=0 */;

--
-- Table structure for table `caja`
--

DROP TABLE IF EXISTS `caja`;
/*!40101 SET @saved_cs_client     = @@character_set_client */;
/*!40101 SET character_set_client = utf8 */;
CREATE TABLE `caja` (
  `idreq` int(11) NOT NULL AUTO_INCREMENT,
  `descripcion` varchar(200) DEFAULT NULL,
  `apariencia` varchar(45) DEFAULT NULL,
  `flauta` int(11) DEFAULT NULL,
  `pzxbulto` int(11) DEFAULT NULL,
  `cvecaja` varchar(45) DEFAULT NULL,
  `v1` decimal(10,4) DEFAULT NULL,
  `v2` decimal(10,4) DEFAULT NULL,
  `v3` decimal(10,4) DEFAULT NULL,
  `v4` decimal(10,4) DEFAULT NULL,
  `v5` decimal(10,4) DEFAULT NULL,
  `v6` decimal(10,4) DEFAULT NULL,
  `type` int(11) DEFAULT NULL,
  PRIMARY KEY (`idreq`),
  KEY `FKTIPOCAJA_idx` (`type`),
  CONSTRAINT `FKTIPOCAJA` FOREIGN KEY (`type`) REFERENCES `tipocaja` (`id`) ON DELETE NO ACTION ON UPDATE NO ACTION
) ENGINE=InnoDB AUTO_INCREMENT=21 DEFAULT CHARSET=utf8;
/*!40101 SET character_set_client = @saved_cs_client */;

--
-- Dumping data for table `caja`
--

LOCK TABLES `caja` WRITE;
/*!40000 ALTER TABLE `caja` DISABLE KEYS */;
INSERT INTO `caja` VALUES (1,'Hola','',1,1,'',90.0000,100.0000,250.0000,250.0000,250.0000,250.0000,1),(2,'Hola2','',1,1,'',90.0000,100.0000,250.0000,250.0000,250.0000,250.0000,1),(3,'Hola3','',1,1,'',90.0000,100.0000,250.0000,250.0000,250.0000,250.0000,1),(4,'','',1,1,'1',1.0000,1.0000,1.0000,1.0000,1.0000,1.0000,1),(5,'','',1,1,'',123.0000,125.0000,NULL,NULL,NULL,NULL,1),(6,'','',1,1,'',500.0000,500.0000,NULL,NULL,NULL,NULL,1),(7,'','',1,1,'',500.0000,500.0000,NULL,NULL,NULL,NULL,1),(8,'','',1,1,'',500.0000,500.0000,NULL,NULL,NULL,NULL,1),(20,'dasdsadsa','',1,1,'',90.0000,100.0000,250.0000,250.0000,250.0000,250.0000,1);
/*!40000 ALTER TABLE `caja` ENABLE KEYS */;
UNLOCK TABLES;

--
-- Table structure for table `cliente`
--

DROP TABLE IF EXISTS `cliente`;
/*!40101 SET @saved_cs_client     = @@character_set_client */;
/*!40101 SET character_set_client = utf8 */;
CREATE TABLE `cliente` (
  `idcliente` int(11) NOT NULL AUTO_INCREMENT,
  `nombre` varchar(300) DEFAULT NULL,
  `direccion` varchar(300) DEFAULT NULL,
  `rfc` varchar(45) DEFAULT NULL,
  PRIMARY KEY (`idcliente`)
) ENGINE=InnoDB AUTO_INCREMENT=2 DEFAULT CHARSET=utf8;
/*!40101 SET character_set_client = @saved_cs_client */;

--
-- Dumping data for table `cliente`
--

LOCK TABLES `cliente` WRITE;
/*!40000 ALTER TABLE `cliente` DISABLE KEYS */;
INSERT INTO `cliente` VALUES (1,'Parko','hola','PRK00321500');
/*!40000 ALTER TABLE `cliente` ENABLE KEYS */;
UNLOCK TABLES;

--
-- Table structure for table `faults`
--

DROP TABLE IF EXISTS `faults`;
/*!40101 SET @saved_cs_client     = @@character_set_client */;
/*!40101 SET character_set_client = utf8 */;
CREATE TABLE `faults` (
  `id` int(11) NOT NULL AUTO_INCREMENT,
  `tagname` varchar(45) DEFAULT NULL,
  `date` datetime DEFAULT NULL,
  `active` tinyint(1) DEFAULT '0',
  `clearHandle` int(11) DEFAULT NULL,
  PRIMARY KEY (`id`)
) ENGINE=InnoDB AUTO_INCREMENT=143 DEFAULT CHARSET=utf8;
/*!40101 SET character_set_client = @saved_cs_client */;

--
-- Dumping data for table `faults`
--

LOCK TABLES `faults` WRITE;
/*!40000 ALTER TABLE `faults` DISABLE KEYS */;
INSERT INTO `faults` VALUES (1,'H','2017-01-01 00:00:00',0,NULL),(2,'H','2017-01-01 00:00:00',0,NULL),(3,'H','2017-01-01 00:00:00',0,NULL),(4,'H','2017-01-01 00:00:00',0,NULL),(5,'H','2017-01-01 00:00:00',0,NULL),(6,'H','2017-01-01 00:00:00',0,NULL),(7,'H','2017-01-01 00:00:00',0,NULL),(8,'H','2017-01-01 00:00:00',0,NULL),(9,'H','2017-01-01 00:00:00',0,NULL),(10,'H','2017-01-01 00:00:00',0,NULL),(11,'H','2017-01-01 00:11:00',0,NULL),(12,'H','2017-01-01 00:11:00',0,NULL),(13,'H','2017-01-01 00:11:00',0,NULL),(14,'H','2017-01-01 00:11:00',0,NULL),(15,'H','2017-01-01 00:11:00',0,NULL),(16,'H','2017-01-01 00:11:00',0,NULL),(17,'H','2017-01-01 00:11:00',0,NULL),(18,'H','2017-01-01 00:11:00',0,NULL),(19,'H','2017-01-01 00:11:00',0,NULL),(20,'H','2017-01-01 00:11:00',0,NULL),(21,'H','2017-01-01 00:11:00',0,NULL),(22,'H','2017-01-01 00:11:00',0,NULL),(23,'Channel1.PLC_FOLDER.CLEAR_FAULT_DRIVES','2017-02-05 10:45:00',1,NULL),(24,'Channel1.PLC_FOLDER.GO_NPOS_BRAZO_LO','2017-02-05 10:45:00',1,NULL),(25,'Channel1.PLC_FOLDER.CLEAR_FAULT_DRIVES','2017-02-05 10:45:00',1,NULL),(26,'Channel1.PLC_FOLDER.GO_NPOS_BRAZO_LO','2017-02-05 10:45:00',1,NULL),(27,'Channel1.PLC_FOLDER.D123_FAULT','2017-02-11 07:39:00',1,NULL),(28,'Channel1.PLC_FOLDER.D122_FAULT','2017-02-11 07:39:00',1,NULL),(29,'Channel1.PLC_FOLDER.D121_FAULT','2017-02-11 07:39:00',1,NULL),(30,'Channel1.PLC_FOLDER.D120_FAULT','2017-02-11 07:39:00',1,NULL),(31,'Channel1.PLC_FOLDER.CLEAR_FAULT_DRIVES','2017-02-18 01:57:00',1,NULL),(32,'Channel1.PLC_FOLDER.CLEAR_FAULT_DRIVES','2017-02-18 02:30:00',1,NULL),(33,'Channel1.PLC_FOLDER.CLEAR_FAULT_DRIVES','2017-02-18 02:33:00',1,NULL),(34,'Channel1.PLC_FOLDER.CLEAR_FAULT_DRIVES','2017-02-18 02:42:00',1,NULL),(35,'Channel1.PLC_FOLDER.CALIBRAR_D123','2017-02-18 02:43:00',1,NULL),(36,'Channel1.PLC_FOLDER.CALIBRAR_D122','2017-02-18 02:43:00',1,NULL),(37,'Channel1.PLC_FOLDER.CALIBRAR_D121','2017-02-18 02:43:00',1,NULL),(38,'Channel1.PLC_FOLDER.CLEAR_FAULT_DRIVES','2017-02-18 02:48:00',1,NULL),(39,'Channel1.PLC_FOLDER.CALIBRAR_D123','2017-02-18 02:48:00',1,NULL),(40,'Channel1.PLC_FOLDER.CALIBRAR_D122','2017-02-18 02:48:00',1,NULL),(41,'Channel1.PLC_FOLDER.CALIBRAR_D121','2017-02-18 02:48:00',1,NULL),(42,'Channel1.PLC_FOLDER.CLEAR_FAULT_DRIVES','2017-02-18 08:00:00',1,NULL),(43,'Channel1.PLC_FOLDER.CALIBRAR_D123','2017-02-18 08:00:00',1,NULL),(44,'Channel1.PLC_FOLDER.CALIBRAR_D122','2017-02-18 08:00:00',1,NULL),(45,'Channel1.PLC_FOLDER.CALIBRAR_D121','2017-02-18 08:00:00',1,NULL),(46,'Channel1.PLC_FOLDER.CLEAR_FAULT_DRIVES','2017-02-18 08:00:00',1,NULL),(47,'Channel1.PLC_FOLDER.CALIBRAR_D123','2017-02-18 08:00:00',1,NULL),(48,'Channel1.PLC_FOLDER.CALIBRAR_D122','2017-02-18 08:00:00',1,NULL),(49,'Channel1.PLC_FOLDER.CALIBRAR_D121','2017-02-18 08:00:00',1,NULL),(50,'Channel1.PLC_FOLDER.CLEAR_FAULT_DRIVES','2017-02-18 08:01:00',1,NULL),(51,'Channel1.PLC_FOLDER.CALIBRAR_D123','2017-02-18 08:01:00',1,NULL),(52,'Channel1.PLC_FOLDER.CALIBRAR_D122','2017-02-18 08:01:00',1,NULL),(53,'Channel1.PLC_FOLDER.CALIBRAR_D121','2017-02-18 08:01:00',1,NULL),(54,'Channel1.PLC_FOLDER.CLEAR_FAULT_DRIVES','2017-02-18 08:02:00',1,NULL),(55,'Channel1.PLC_FOLDER.CALIBRAR_D123','2017-02-18 08:02:00',1,NULL),(56,'Channel1.PLC_FOLDER.CALIBRAR_D122','2017-02-18 08:02:00',1,NULL),(57,'Channel1.PLC_FOLDER.CALIBRAR_D121','2017-02-18 08:02:00',1,NULL),(58,'Channel1.PLC_FOLDER.CLEAR_FAULT_DRIVES','2017-02-18 08:03:00',1,NULL),(59,'Channel1.PLC_FOLDER.CALIBRAR_D123','2017-02-18 08:03:00',1,NULL),(60,'Channel1.PLC_FOLDER.CALIBRAR_D122','2017-02-18 08:03:00',1,NULL),(61,'Channel1.PLC_FOLDER.CALIBRAR_D121','2017-02-18 08:03:00',1,NULL),(62,'Channel1.PLC_FOLDER.CLEAR_FAULT_DRIVES','2017-02-18 08:05:00',1,NULL),(63,'Channel1.PLC_FOLDER.CALIBRAR_D123','2017-02-18 08:05:00',1,NULL),(64,'Channel1.PLC_FOLDER.CALIBRAR_D122','2017-02-18 08:05:00',1,NULL),(65,'Channel1.PLC_FOLDER.CALIBRAR_D121','2017-02-18 08:05:00',1,NULL),(66,'Channel1.PLC_FOLDER.CLEAR_FAULT_DRIVES','2017-02-18 08:09:00',1,NULL),(67,'Channel1.PLC_FOLDER.CALIBRAR_D123','2017-02-18 08:09:00',1,NULL),(68,'Channel1.PLC_FOLDER.CALIBRAR_D122','2017-02-18 08:09:00',1,NULL),(69,'Channel1.PLC_FOLDER.CALIBRAR_D121','2017-02-18 08:09:00',1,NULL),(70,'Channel1.PLC_FOLDER.CLEAR_FAULT_DRIVES','2017-02-18 08:11:00',1,NULL),(71,'Channel1.PLC_FOLDER.CALIBRAR_D123','2017-02-18 08:11:00',1,NULL),(72,'Channel1.PLC_FOLDER.CALIBRAR_D122','2017-02-18 08:11:00',1,NULL),(73,'Channel1.PLC_FOLDER.CALIBRAR_D121','2017-02-18 08:11:00',1,NULL),(74,'Channel1.PLC_FOLDER.CLEAR_FAULT_DRIVES','2017-02-18 08:17:00',1,NULL),(75,'Channel1.PLC_FOLDER.CALIBRAR_D123','2017-02-18 08:17:00',1,NULL),(76,'Channel1.PLC_FOLDER.CALIBRAR_D122','2017-02-18 08:17:00',1,NULL),(77,'Channel1.PLC_FOLDER.CALIBRAR_D121','2017-02-18 08:17:00',1,NULL),(78,'Channel1.PLC_FOLDER.CLEAR_FAULT_DRIVES','2017-02-18 08:18:00',1,NULL),(79,'Channel1.PLC_FOLDER.CALIBRAR_D123','2017-02-18 08:18:00',1,NULL),(80,'Channel1.PLC_FOLDER.CALIBRAR_D122','2017-02-18 08:18:00',1,NULL),(81,'Channel1.PLC_FOLDER.CALIBRAR_D121','2017-02-18 08:18:00',1,NULL),(82,'Channel1.PLC_FOLDER.CLEAR_FAULT_DRIVES','2017-02-18 08:20:00',1,NULL),(83,'Channel1.PLC_FOLDER.CALIBRAR_D123','2017-02-18 08:20:00',1,NULL),(84,'Channel1.PLC_FOLDER.CALIBRAR_D122','2017-02-18 08:20:00',1,NULL),(85,'Channel1.PLC_FOLDER.CALIBRAR_D121','2017-02-18 08:20:00',1,NULL),(86,'Channel1.PLC_FOLDER.CLEAR_FAULT_DRIVES','2017-02-18 08:21:00',1,NULL),(87,'Channel1.PLC_FOLDER.CALIBRAR_D123','2017-02-18 08:21:00',1,NULL),(88,'Channel1.PLC_FOLDER.CALIBRAR_D122','2017-02-18 08:21:00',1,NULL),(89,'Channel1.PLC_FOLDER.CALIBRAR_D121','2017-02-18 08:21:00',1,NULL),(90,'Channel1.PLC_FOLDER.CLEAR_FAULT_DRIVES','2017-02-18 08:22:00',1,NULL),(91,'Channel1.PLC_FOLDER.CALIBRAR_D123','2017-02-18 08:22:00',1,NULL),(92,'Channel1.PLC_FOLDER.CALIBRAR_D122','2017-02-18 08:22:00',1,NULL),(93,'Channel1.PLC_FOLDER.CALIBRAR_D121','2017-02-18 08:22:00',1,NULL),(94,'Channel1.PLC_FOLDER.CLEAR_FAULT_DRIVES','2017-02-18 08:23:00',1,NULL),(95,'Channel1.PLC_FOLDER.CALIBRAR_D123','2017-02-18 08:23:00',1,NULL),(96,'Channel1.PLC_FOLDER.CALIBRAR_D122','2017-02-18 08:23:00',1,NULL),(97,'Channel1.PLC_FOLDER.CALIBRAR_D121','2017-02-18 08:23:00',1,NULL),(98,'Channel1.PLC_FOLDER.CLEAR_FAULT_DRIVES','2017-02-18 09:17:00',1,NULL),(99,'Channel1.PLC_FOLDER.CLEAR_FAULT_DRIVES','2017-02-19 03:25:00',1,NULL),(100,'Channel1.PLC_FOLDER.CLEAR_FAULT_DRIVES','2017-02-19 03:26:00',1,NULL),(101,'Channel1.PLC_FOLDER.CLEAR_FAULT_DRIVES','2017-02-19 03:40:00',1,NULL),(102,'Channel1.PLC_FOLDER.CLEAR_FAULT_DRIVES','2017-02-19 03:45:00',1,NULL),(103,'Channel1.PLC_FOLDER.CALIBRAR_D120','2017-02-19 05:40:00',1,NULL),(104,'Channel1.PLC_FOLDER.CALIBRAR_D120','2017-02-19 05:43:00',1,NULL),(105,'Channel1.PLC_FOLDER.CALIBRAR_D120','2017-02-19 05:46:00',1,NULL),(106,'Channel1.PLC_FOLDER.CALIBRAR_D120','2017-02-19 05:51:00',1,NULL),(107,'Channel1.PLC_FOLDER.CALIBRAR_D120','2017-02-19 06:03:00',1,NULL),(108,'Channel1.PLC_FOLDER.CALIBRAR_D120','2017-02-19 08:40:00',1,NULL),(109,'Channel1.PLC_FOLDER.CALIBRAR_D120','2017-02-19 08:48:00',1,NULL),(110,'Channel1.PLC_FOLDER.CALIBRAR_D120','2017-02-19 09:10:00',1,NULL),(111,'Channel1.PLC_FOLDER.CALIBRAR_D120','2017-02-19 09:12:00',1,NULL),(112,'Channel1.PLC_FOLDER.CALIBRAR_D120','2017-02-19 09:14:00',1,NULL),(113,'Channel1.PLC_FOLDER.CALIBRAR_D120','2017-02-19 09:15:00',1,NULL),(114,'Channel1.PLC_FOLDER.CALIBRAR_D120','2017-02-19 09:16:00',1,NULL),(115,'Channel1.PLC_SLOTTER.D115_FAULT','2017-02-19 09:41:00',1,NULL),(116,'Channel1.PLC_SLOTTER.D115_FAULT','2017-02-19 09:41:00',1,NULL),(117,'Channel1.PLC_SLOTTER.D115_FAULT','2017-02-19 09:41:00',1,76),(118,'Channel1.PLC_SLOTTER.D114_FAULT','2017-02-19 09:46:00',1,75),(119,'Channel1.PLC_SLOTTER.D113_FAULT','2017-02-19 09:46:00',1,0),(120,'Channel1.PLC_SLOTTER.D112_FAULT','2017-02-19 09:46:00',1,74),(121,'Channel1.PLC_SLOTTER.D111_FAULT','2017-02-19 09:46:00',1,73),(122,'Channel1.PLC_SLOTTER.D110_FAULT','2017-02-19 09:46:00',1,72),(123,'Channel1.PLC_SLOTTER.D115_FAULT','2017-02-19 09:47:00',1,76),(124,'Channel1.PLC_SLOTTER.D114_FAULT','2017-02-19 09:47:00',1,75),(125,'Channel1.PLC_SLOTTER.D113_FAULT','2017-02-19 09:47:00',1,0),(126,'Channel1.PLC_SLOTTER.D111_FAULT','2017-02-19 09:47:00',1,73),(127,'Channel1.PLC_SLOTTER.D110_FAULT','2017-02-19 09:47:00',1,72),(128,'Channel1.PLC_SLOTTER.D114_FAULT','2017-02-19 09:48:00',1,75),(129,'Channel1.PLC_SLOTTER.D113_FAULT','2017-02-19 09:48:00',1,0),(130,'Channel1.PLC_SLOTTER.D111_FAULT','2017-02-19 09:48:00',1,73),(131,'Channel1.PLC_SLOTTER.D113_FAULT','2017-02-19 09:50:00',1,0),(132,'Channel1.PLC_SLOTTER.D111_FAULT','2017-02-19 09:50:00',1,73),(133,'Channel1.PLC_SLOTTER.D114_FAULT','2017-02-19 09:50:00',1,75),(134,'Channel1.PLC_SLOTTER.D114_FAULT','2017-02-19 09:51:00',1,75),(135,'Channel1.PLC_SLOTTER.D113_FAULT','2017-02-19 09:51:00',1,0),(136,'Channel1.PLC_SLOTTER.D111_FAULT','2017-02-19 09:51:00',1,73),(137,'Channel1.PLC_SLOTTER.D114_FAULT','2017-02-19 09:52:00',1,75),(138,'Channel1.PLC_SLOTTER.D113_FAULT','2017-02-19 09:52:00',1,0),(139,'Channel1.PLC_SLOTTER.D111_FAULT','2017-02-19 09:52:00',1,73),(140,'Channel1.PLC_SLOTTER.D114_FAULT','2017-02-19 09:54:00',1,75),(141,'Channel1.PLC_SLOTTER.D113_FAULT','2017-02-19 09:54:00',1,0),(142,'Channel1.PLC_SLOTTER.D111_FAULT','2017-02-19 09:54:00',1,73);
/*!40000 ALTER TABLE `faults` ENABLE KEYS */;
UNLOCK TABLES;

--
-- Table structure for table `flauta`
--

DROP TABLE IF EXISTS `flauta`;
/*!40101 SET @saved_cs_client     = @@character_set_client */;
/*!40101 SET character_set_client = utf8 */;
CREATE TABLE `flauta` (
  `idflauta` varchar(5) NOT NULL,
  PRIMARY KEY (`idflauta`)
) ENGINE=InnoDB DEFAULT CHARSET=utf8;
/*!40101 SET character_set_client = @saved_cs_client */;

--
-- Dumping data for table `flauta`
--

LOCK TABLES `flauta` WRITE;
/*!40000 ALTER TABLE `flauta` DISABLE KEYS */;
/*!40000 ALTER TABLE `flauta` ENABLE KEYS */;
UNLOCK TABLES;

--
-- Table structure for table `forms`
--

DROP TABLE IF EXISTS `forms`;
/*!40101 SET @saved_cs_client     = @@character_set_client */;
/*!40101 SET character_set_client = utf8 */;
CREATE TABLE `forms` (
  `id` int(11) NOT NULL AUTO_INCREMENT,
  `name` varchar(45) DEFAULT NULL,
  PRIMARY KEY (`id`)
) ENGINE=InnoDB AUTO_INCREMENT=11 DEFAULT CHARSET=utf8;
/*!40101 SET character_set_client = @saved_cs_client */;

--
-- Dumping data for table `forms`
--

LOCK TABLES `forms` WRITE;
/*!40000 ALTER TABLE `forms` DISABLE KEYS */;
INSERT INTO `forms` VALUES (1,'MainWin'),(2,'Alarmas'),(3,'Bosquejo'),(4,'Cargar'),(5,'Clientes'),(6,'Configuraciones'),(7,'Ethernet'),(8,'Folder'),(9,'Slotter'),(10,'Troquel');
/*!40000 ALTER TABLE `forms` ENABLE KEYS */;
UNLOCK TABLES;

--
-- Table structure for table `limites`
--

DROP TABLE IF EXISTS `limites`;
/*!40101 SET @saved_cs_client     = @@character_set_client */;
/*!40101 SET character_set_client = utf8 */;
CREATE TABLE `limites` (
  `handle` int(11) NOT NULL,
  `value` decimal(10,4) DEFAULT NULL,
  PRIMARY KEY (`handle`)
) ENGINE=InnoDB DEFAULT CHARSET=utf8;
/*!40101 SET character_set_client = @saved_cs_client */;

--
-- Dumping data for table `limites`
--

LOCK TABLES `limites` WRITE;
/*!40000 ALTER TABLE `limites` DISABLE KEYS */;
INSERT INTO `limites` VALUES (16,2.0000),(17,103.0000),(18,3.0000),(19,1.0000),(27,120.0000),(28,121.0000),(29,3.0000),(30,11.0000),(78,103.0000),(79,45.0000),(80,6.0000),(81,7.0000),(82,2.0000),(83,12.0000),(96,6.0000),(97,7.0000),(98,1.0000),(99,5.0000),(100,5.3000),(101,6.5000);
/*!40000 ALTER TABLE `limites` ENABLE KEYS */;
UNLOCK TABLES;

--
-- Table structure for table `orden`
--

DROP TABLE IF EXISTS `orden`;
/*!40101 SET @saved_cs_client     = @@character_set_client */;
/*!40101 SET character_set_client = utf8 */;
CREATE TABLE `orden` (
  `idorden` int(11) NOT NULL,
  `idreq` varchar(45) DEFAULT NULL,
  `fecha` datetime DEFAULT NULL,
  `idcliente` int(11) DEFAULT NULL,
  `nogolpes` int(11) DEFAULT NULL,
  PRIMARY KEY (`idorden`)
) ENGINE=InnoDB DEFAULT CHARSET=utf8 COMMENT='			';
/*!40101 SET character_set_client = @saved_cs_client */;

--
-- Dumping data for table `orden`
--

LOCK TABLES `orden` WRITE;
/*!40000 ALTER TABLE `orden` DISABLE KEYS */;
/*!40000 ALTER TABLE `orden` ENABLE KEYS */;
UNLOCK TABLES;

--
-- Table structure for table `tags`
--

DROP TABLE IF EXISTS `tags`;
/*!40101 SET @saved_cs_client     = @@character_set_client */;
/*!40101 SET character_set_client = utf8 */;
CREATE TABLE `tags` (
  `handle` int(11) NOT NULL,
  `name` varchar(100) DEFAULT NULL,
  `formid` int(11) DEFAULT NULL,
  `corr` int(11) DEFAULT NULL,
  PRIMARY KEY (`handle`),
  UNIQUE KEY `name_UNIQUE` (`name`),
  KEY `FKFORMS_idx` (`formid`),
  CONSTRAINT `FKFORMS` FOREIGN KEY (`formid`) REFERENCES `forms` (`id`) ON DELETE NO ACTION ON UPDATE NO ACTION
) ENGINE=InnoDB DEFAULT CHARSET=utf8;
/*!40101 SET character_set_client = @saved_cs_client */;

--
-- Dumping data for table `tags`
--

LOCK TABLES `tags` WRITE;
/*!40000 ALTER TABLE `tags` DISABLE KEYS */;
INSERT INTO `tags` VALUES (0,'(empty)',1,NULL),(1,'Channel1.PLC_FOLDER.ALL_HOMED',1,NULL),(2,'Channel1.PLC_FOLDER.CAL_ALL',1,NULL),(3,'Channel1.PLC_FOLDER.CAL_ALL_CYCLE',1,NULL),(4,'Channel1.PLC_FOLDER.CALED_D120',6,NULL),(5,'Channel1.PLC_FOLDER.CALED_D121',6,NULL),(6,'Channel1.PLC_FOLDER.CALED_D122',6,NULL),(7,'Channel1.PLC_FOLDER.CALED_D123',6,NULL),(8,'Channel1.PLC_FOLDER.CALIBRAR_D120',6,NULL),(9,'Channel1.PLC_FOLDER.CALIBRAR_D121',6,NULL),(10,'Channel1.PLC_FOLDER.CALIBRAR_D122',6,NULL),(11,'Channel1.PLC_FOLDER.CALIBRAR_D123',6,NULL),(12,'Channel1.PLC_FOLDER.CANCEL_ALL_HOME',1,NULL),(13,'Channel1.PLC_FOLDER.CANCEL_CAL_ALL',1,NULL),(14,'Channel1.PLC_FOLDER.CLEAR_FAULT_DRIVES',1,NULL),(15,'Channel1.PLC_FOLDER.D120_FAULT',1,14),(16,'Channel1.PLC_FOLDER.D121_FAULT',1,14),(17,'Channel1.PLC_FOLDER.D122_FAULT',1,14),(18,'Channel1.PLC_FOLDER.D123_FAULT',1,14),(19,'Channel1.PLC_FOLDER.DIST_HOJA',1,NULL),(20,'Channel1.PLC_FOLDER.EN_ETHERNET_D120',7,NULL),(21,'Channel1.PLC_FOLDER.EN_ETHERNET_D121',7,NULL),(22,'Channel1.PLC_FOLDER.EN_ETHERNET_D122',7,NULL),(23,'Channel1.PLC_FOLDER.EN_ETHERNET_D123',7,NULL),(24,'Channel1.PLC_FOLDER.EN_HSC',1,NULL),(25,'Channel1.PLC_FOLDER.END_BRAZO_CDR',6,NULL),(26,'Channel1.PLC_FOLDER.END_BRAZO_GM',6,NULL),(27,'Channel1.PLC_FOLDER.END_BRAZO_LO',6,NULL),(28,'Channel1.PLC_FOLDER.END_BRAZO_LT',6,NULL),(29,'Channel1.PLC_FOLDER.GO_NPOS_BRAZO_CDR',1,NULL),(30,'Channel1.PLC_FOLDER.GO_NPOS_BRAZO_GM',1,NULL),(31,'Channel1.PLC_FOLDER.GO_NPOS_BRAZO_LO',1,NULL),(32,'Channel1.PLC_FOLDER.GO_NPOS_BRAZO_LT',1,NULL),(33,'Channel1.PLC_FOLDER.HOME_ALL',1,NULL),(34,'Channel1.PLC_FOLDER.HOME_ALL_CYCLE',1,NULL),(35,'Channel1.PLC_FOLDER.HOME_D120',6,NULL),(36,'Channel1.PLC_FOLDER.HOME_D121',6,NULL),(37,'Channel1.PLC_FOLDER.HOME_D122',6,NULL),(38,'Channel1.PLC_FOLDER.HOME_D123',6,NULL),(39,'Channel1.PLC_FOLDER.HOMMED_D120',6,NULL),(40,'Channel1.PLC_FOLDER.HOMMED_D121',6,NULL),(41,'Channel1.PLC_FOLDER.HOMMED_D122',6,NULL),(42,'Channel1.PLC_FOLDER.HOMMED_D123',6,NULL),(43,'Channel1.PLC_FOLDER.HSC1_STATUS',1,NULL),(44,'Channel1.PLC_FOLDER.INI_BRAZO_CDR',6,NULL),(45,'Channel1.PLC_FOLDER.INI_BRAZO_GM',6,NULL),(46,'Channel1.PLC_FOLDER.INI_BRAZO_LO',6,NULL),(47,'Channel1.PLC_FOLDER.INI_BRAZO_LT',6,NULL),(48,'Channel1.PLC_FOLDER.IP_DRIVE_D120',1,NULL),(49,'Channel1.PLC_FOLDER.IP_DRIVE_D121',1,NULL),(50,'Channel1.PLC_FOLDER.IP_DRIVE_D122',1,NULL),(51,'Channel1.PLC_FOLDER.IP_DRIVE_D123',1,NULL),(52,'Channel1.PLC_FOLDER.NPOS_BRAZO_CDR',1,NULL),(53,'Channel1.PLC_FOLDER.NPOS_BRAZO_GM',1,NULL),(54,'Channel1.PLC_FOLDER.NPOS_BRAZO_LO',1,NULL),(55,'Channel1.PLC_FOLDER.NPOS_BRAZO_LT',1,NULL),(56,'Channel1.PLC_FOLDER.OFFSET_MAX',1,NULL),(57,'Channel1.PLC_FOLDER.POS_BRAZO_CDR',1,NULL),(58,'Channel1.PLC_FOLDER.POS_BRAZO_GM',1,NULL),(59,'Channel1.PLC_FOLDER.POS_BRAZO_LO',1,NULL),(60,'Channel1.PLC_FOLDER.POS_BRAZO_LT',1,NULL),(61,'Channel1.PLC_FOLDER.PUL_MAX',1,NULL),(62,'Channel1.PLC_FOLDER.PUL_MIN',1,NULL),(63,'Channel1.PLC_FOLDER.REF_VAR',1,NULL),(64,'Channel1.PLC_FOLDER.REF_VAR2',1,NULL),(65,'Channel1.PLC_FOLDER.SYNC_HOJA',1,NULL),(66,'Channel1.PLC_FOLDER.tu_aliviada',1,NULL),(67,'Channel1.PLC_FOLDER.V_MAX',1,NULL),(68,'Channel1.PLC_FOLDER.V_MAX_BAND',1,NULL),(69,'Channel1.PLC_FOLDER.V_MIN',1,NULL),(70,'Channel1.PLC_FOLDER.V_MIN_BAND',1,NULL),(71,'Channel1.PLC_FOLDER.VALOR_CERO',1,NULL),(72,'Channel1.PLC_SLOTTER.C_FAULT_D110',1,0),(73,'Channel1.PLC_SLOTTER.C_FAULT_D111',1,0),(74,'Channel1.PLC_SLOTTER.C_FAULT_D112',1,0),(75,'Channel1.PLC_SLOTTER.C_FAULT_D114',1,0),(76,'Channel1.PLC_SLOTTER.C_FAULT_D115',1,0),(77,'Channel1.PLC_SLOTTER.CAL_ALL',1,NULL),(78,'Channel1.PLC_SLOTTER.CAL_ALL_CANCEL',1,NULL),(79,'Channel1.PLC_SLOTTER.CAL_ALL_CYCLE',1,NULL),(80,'Channel1.PLC_SLOTTER.CALED_ALL',1,NULL),(81,'Channel1.PLC_SLOTTER.CALED_D110',6,NULL),(82,'Channel1.PLC_SLOTTER.CALED_D111',6,NULL),(83,'Channel1.PLC_SLOTTER.CALED_D112',6,NULL),(84,'Channel1.PLC_SLOTTER.CALED_D113',6,NULL),(85,'Channel1.PLC_SLOTTER.CALED_D114',6,NULL),(86,'Channel1.PLC_SLOTTER.CALED_D115',6,NULL),(87,'Channel1.PLC_SLOTTER.CALIBRAR_D110',6,NULL),(88,'Channel1.PLC_SLOTTER.CALIBRAR_D111',6,NULL),(89,'Channel1.PLC_SLOTTER.CALIBRAR_D112',6,NULL),(90,'Channel1.PLC_SLOTTER.CALIBRAR_D113',6,NULL),(91,'Channel1.PLC_SLOTTER.CALIBRAR_D114',6,NULL),(92,'Channel1.PLC_SLOTTER.CALIBRAR_D115',6,NULL),(93,'Channel1.PLC_SLOTTER.D110_FAULT',1,72),(94,'Channel1.PLC_SLOTTER.D111_FAULT',1,73),(95,'Channel1.PLC_SLOTTER.D112_FAULT',1,74),(96,'Channel1.PLC_SLOTTER.D113_FAULT',1,0),(97,'Channel1.PLC_SLOTTER.D114_FAULT',1,75),(98,'Channel1.PLC_SLOTTER.D115_FAULT',1,76),(99,'Channel1.PLC_SLOTTER.EN_ETHERNET_D110',7,0),(100,'Channel1.PLC_SLOTTER.EN_ETHERNET_D111',7,0),(101,'Channel1.PLC_SLOTTER.EN_ETHERNET_D112',7,0),(102,'Channel1.PLC_SLOTTER.EN_ETHERNET_D113',7,0),(103,'Channel1.PLC_SLOTTER.EN_ETHERNET_D114',7,0),(104,'Channel1.PLC_SLOTTER.EN_ETHERNET_D115',7,0),(105,'Channel1.PLC_SLOTTER.END_CUELLO_A',6,NULL),(106,'Channel1.PLC_SLOTTER.END_CUELLO_B',6,NULL),(107,'Channel1.PLC_SLOTTER.END_CUELLO_C',6,NULL),(108,'Channel1.PLC_SLOTTER.END_CUELLO_D',6,NULL),(109,'Channel1.PLC_SLOTTER.END_CUELLO_REG_E',6,NULL),(110,'Channel1.PLC_SLOTTER.END_CUELLO_REG_F',6,NULL),(111,'Channel1.PLC_SLOTTER.GO_NPOS_CUELLO_A',1,NULL),(112,'Channel1.PLC_SLOTTER.GO_NPOS_CUELLO_B',1,NULL),(113,'Channel1.PLC_SLOTTER.GO_NPOS_CUELLO_C',1,NULL),(114,'Channel1.PLC_SLOTTER.GO_NPOS_CUELLO_D',1,NULL),(115,'Channel1.PLC_SLOTTER.GO_NPOS_REG_E',1,NULL),(116,'Channel1.PLC_SLOTTER.GO_NPOS_REG_F',1,NULL),(117,'Channel1.PLC_SLOTTER.HOME_ALL',1,NULL),(118,'Channel1.PLC_SLOTTER.HOME_ALL_CANCEL',1,NULL),(119,'Channel1.PLC_SLOTTER.HOME_ALL_CYCLE',1,NULL),(120,'Channel1.PLC_SLOTTER.HOME_D110',6,NULL),(121,'Channel1.PLC_SLOTTER.HOME_D111',6,NULL),(122,'Channel1.PLC_SLOTTER.HOME_D112',6,NULL),(123,'Channel1.PLC_SLOTTER.HOME_D113',6,NULL),(124,'Channel1.PLC_SLOTTER.HOME_D114',6,NULL),(125,'Channel1.PLC_SLOTTER.HOME_D115',6,NULL),(126,'Channel1.PLC_SLOTTER.HOMED_ALL',1,NULL),(127,'Channel1.PLC_SLOTTER.HOMMED_D110',1,NULL),(128,'Channel1.PLC_SLOTTER.HOMMED_D111',1,NULL),(129,'Channel1.PLC_SLOTTER.HOMMED_D112',1,NULL),(130,'Channel1.PLC_SLOTTER.HOMMED_D113',1,NULL),(131,'Channel1.PLC_SLOTTER.HOMMED_D114',1,NULL),(132,'Channel1.PLC_SLOTTER.HOMMED_D115',1,NULL),(133,'Channel1.PLC_SLOTTER.IN_CUELLO_REG_E',6,NULL),(134,'Channel1.PLC_SLOTTER.IN_CUELLO_REG_F',6,NULL),(135,'Channel1.PLC_SLOTTER.INI_CUELLO_A',6,NULL),(136,'Channel1.PLC_SLOTTER.INI_CUELLO_B',6,NULL),(137,'Channel1.PLC_SLOTTER.INI_CUELLO_C',6,NULL),(138,'Channel1.PLC_SLOTTER.INI_CUELLO_D',6,NULL),(139,'Channel1.PLC_SLOTTER.IP_DRIVE_A',1,NULL),(140,'Channel1.PLC_SLOTTER.IP_DRIVE_B',1,NULL),(141,'Channel1.PLC_SLOTTER.IP_DRIVE_C',1,NULL),(142,'Channel1.PLC_SLOTTER.IP_DRIVE_D',1,NULL),(143,'Channel1.PLC_SLOTTER.IP_DRIVE_E',1,NULL),(144,'Channel1.PLC_SLOTTER.IP_DRIVE_F',1,NULL),(145,'Channel1.PLC_SLOTTER.NPOS_A',1,NULL),(146,'Channel1.PLC_SLOTTER.NPOS_B',1,NULL),(147,'Channel1.PLC_SLOTTER.NPOS_C',1,NULL),(148,'Channel1.PLC_SLOTTER.NPOS_D',1,NULL),(149,'Channel1.PLC_SLOTTER.NPOS_REG_E',1,NULL),(150,'Channel1.PLC_SLOTTER.NPOS_REG_F',1,NULL),(151,'Channel1.PLC_SLOTTER.POS_A',1,NULL),(152,'Channel1.PLC_SLOTTER.POS_B',1,NULL),(153,'Channel1.PLC_SLOTTER.POS_C',1,NULL),(154,'Channel1.PLC_SLOTTER.POS_D',1,NULL),(155,'Channel1.PLC_SLOTTER.POS_REG_E',1,NULL),(156,'Channel1.PLC_SLOTTER.POS_REG_F',1,NULL),(157,'Channel1.PLC_SLOTTER.VEL_MAX_NPOS',1,NULL),(158,'Channel1.PLC_SLOTTER.VEL_MIN_NPOS',1,NULL);
/*!40000 ALTER TABLE `tags` ENABLE KEYS */;
UNLOCK TABLES;

--
-- Table structure for table `tipocaja`
--

DROP TABLE IF EXISTS `tipocaja`;
/*!40101 SET @saved_cs_client     = @@character_set_client */;
/*!40101 SET character_set_client = utf8 */;
CREATE TABLE `tipocaja` (
  `id` int(11) NOT NULL,
  `nombre` varchar(45) DEFAULT NULL,
  PRIMARY KEY (`id`)
) ENGINE=InnoDB DEFAULT CHARSET=utf8;
/*!40101 SET character_set_client = @saved_cs_client */;

--
-- Dumping data for table `tipocaja`
--

LOCK TABLES `tipocaja` WRITE;
/*!40000 ALTER TABLE `tipocaja` DISABLE KEYS */;
INSERT INTO `tipocaja` VALUES (1,'Troquel'),(2,'Folder');
/*!40000 ALTER TABLE `tipocaja` ENABLE KEYS */;
UNLOCK TABLES;
/*!40103 SET TIME_ZONE=@OLD_TIME_ZONE */;

/*!40101 SET SQL_MODE=@OLD_SQL_MODE */;
/*!40014 SET FOREIGN_KEY_CHECKS=@OLD_FOREIGN_KEY_CHECKS */;
/*!40014 SET UNIQUE_CHECKS=@OLD_UNIQUE_CHECKS */;
/*!40101 SET CHARACTER_SET_CLIENT=@OLD_CHARACTER_SET_CLIENT */;
/*!40101 SET CHARACTER_SET_RESULTS=@OLD_CHARACTER_SET_RESULTS */;
/*!40101 SET COLLATION_CONNECTION=@OLD_COLLATION_CONNECTION */;
/*!40111 SET SQL_NOTES=@OLD_SQL_NOTES */;

-- Dump completed on 2017-02-26 12:51:47
